query_id,query_name,system,run_number,elapsed_ms,planning_ms,db_hits
g1_anchored_author_citation_neighborhood,Anchored author citation neighborhood,PostgreSQL,1,0.441,1.976,
g1_anchored_author_citation_neighborhood,Anchored author citation neighborhood,Neo4j,1,2.000,,624
g1_anchored_author_citation_neighborhood,Anchored author citation neighborhood,PostgreSQL,2,0.473,2.021,
g1_anchored_author_citation_neighborhood,Anchored author citation neighborhood,Neo4j,2,1.000,,624
g1_anchored_author_citation_neighborhood,Anchored author citation neighborhood,PostgreSQL,3,0.680,1.750,
g1_anchored_author_citation_neighborhood,Anchored author citation neighborhood,Neo4j,3,1.000,,624
g1_anchored_author_citation_neighborhood,Anchored author citation neighborhood,PostgreSQL,4,0.328,1.538,
g1_anchored_author_citation_neighborhood,Anchored author citation neighborhood,Neo4j,4,1.000,,624
g1_anchored_author_citation_neighborhood,Anchored author citation neighborhood,PostgreSQL,5,0.356,1.517,
g1_anchored_author_citation_neighborhood,Anchored author citation neighborhood,Neo4j,5,2.000,,624
g2_paper_citation_neighborhood_1_to_2_hops,Paper citation neighborhood within two hops,PostgreSQL,1,0.693,0.504,
g2_paper_citation_neighborhood_1_to_2_hops,Paper citation neighborhood within two hops,Neo4j,1,3.000,,83
g2_paper_citation_neighborhood_1_to_2_hops,Paper citation neighborhood within two hops,PostgreSQL,2,0.419,0.539,
g2_paper_citation_neighborhood_1_to_2_hops,Paper citation neighborhood within two hops,Neo4j,2,3.000,,83
g2_paper_citation_neighborhood_1_to_2_hops,Paper citation neighborhood within two hops,PostgreSQL,3,0.376,0.655,
g2_paper_citation_neighborhood_1_to_2_hops,Paper citation neighborhood within two hops,Neo4j,3,2.000,,83
g2_paper_citation_neighborhood_1_to_2_hops,Paper citation neighborhood within two hops,PostgreSQL,4,0.343,0.565,
g2_paper_citation_neighborhood_1_to_2_hops,Paper citation neighborhood within two hops,Neo4j,4,3.000,,83
g2_paper_citation_neighborhood_1_to_2_hops,Paper citation neighborhood within two hops,PostgreSQL,5,0.374,0.541,
g2_paper_citation_neighborhood_1_to_2_hops,Paper citation neighborhood within two hops,Neo4j,5,3.000,,83
g3_paper_context_subgraph,Paper context subgraph,PostgreSQL,1,0.578,1.370,
g3_paper_context_subgraph,Paper context subgraph,Neo4j,1,11.000,,272
g3_paper_context_subgraph,Paper context subgraph,PostgreSQL,2,0.572,1.204,
g3_paper_context_subgraph,Paper context subgraph,Neo4j,2,4.000,,272
g3_paper_context_subgraph,Paper context subgraph,PostgreSQL,3,0.768,1.146,
g3_paper_context_subgraph,Paper context subgraph,Neo4j,3,1.000,,272
g3_paper_context_subgraph,Paper context subgraph,PostgreSQL,4,0.581,1.335,
g3_paper_context_subgraph,Paper context subgraph,Neo4j,4,3.000,,272
g3_paper_context_subgraph,Paper context subgraph,PostgreSQL,5,0.525,1.186,
g3_paper_context_subgraph,Paper context subgraph,Neo4j,5,4.000,,272
g4_topic_to_author_neighborhood,Topic-to-author neighborhood,PostgreSQL,1,0.750,1.548,
g4_topic_to_author_neighborhood,Topic-to-author neighborhood,Neo4j,1,3.000,,400
g4_topic_to_author_neighborhood,Topic-to-author neighborhood,PostgreSQL,2,0.878,1.607,
g4_topic_to_author_neighborhood,Topic-to-author neighborhood,Neo4j,2,3.000,,400
g4_topic_to_author_neighborhood,Topic-to-author neighborhood,PostgreSQL,3,0.646,1.804,
g4_topic_to_author_neighborhood,Topic-to-author neighborhood,Neo4j,3,2.000,,400
g4_topic_to_author_neighborhood,Topic-to-author neighborhood,PostgreSQL,4,0.633,1.642,
g4_topic_to_author_neighborhood,Topic-to-author neighborhood,Neo4j,4,3.000,,400
g4_topic_to_author_neighborhood,Topic-to-author neighborhood,PostgreSQL,5,0.563,1.409,
g4_topic_to_author_neighborhood,Topic-to-author neighborhood,Neo4j,5,2.000,,400
g5_topic_filtered_author_citation_network,Topic-filtered author citation network,PostgreSQL,1,0.768,6.509,
g5_topic_filtered_author_citation_network,Topic-filtered author citation network,Neo4j,1,1.000,,8
g5_topic_filtered_author_citation_network,Topic-filtered author citation network,PostgreSQL,2,0.563,6.381,
g5_topic_filtered_author_citation_network,Topic-filtered author citation network,Neo4j,2,1.000,,8
g5_topic_filtered_author_citation_network,Topic-filtered author citation network,PostgreSQL,3,0.522,5.348,
g5_topic_filtered_author_citation_network,Topic-filtered author citation network,Neo4j,3,2.000,,8
g5_topic_filtered_author_citation_network,Topic-filtered author citation network,PostgreSQL,4,0.474,5.035,
g5_topic_filtered_author_citation_network,Topic-filtered author citation network,Neo4j,4,13.000,,8
g5_topic_filtered_author_citation_network,Topic-filtered author citation network,PostgreSQL,5,0.488,5.586,
g5_topic_filtered_author_citation_network,Topic-filtered author citation network,Neo4j,5,2.000,,8
g6_two_hop_author_citation_network,Two-hop author citation network,PostgreSQL,1,27.265,3.919,
g6_two_hop_author_citation_network,Two-hop author citation network,Neo4j,1,33.000,,53413
g6_two_hop_author_citation_network,Two-hop author citation network,PostgreSQL,2,29.959,2.887,
g6_two_hop_author_citation_network,Two-hop author citation network,Neo4j,2,44.000,,53413
g6_two_hop_author_citation_network,Two-hop author citation network,PostgreSQL,3,76.529,5.436,
g6_two_hop_author_citation_network,Two-hop author citation network,Neo4j,3,48.000,,53413
g6_two_hop_author_citation_network,Two-hop author citation network,PostgreSQL,4,41.070,4.229,
g6_two_hop_author_citation_network,Two-hop author citation network,Neo4j,4,41.000,,53413
g6_two_hop_author_citation_network,Two-hop author citation network,PostgreSQL,5,40.318,3.929,
g6_two_hop_author_citation_network,Two-hop author citation network,Neo4j,5,30.000,,53413
g7_author_citation_with_shared_topic,Author citation with shared paper topic,PostgreSQL,1,1500.757,111.302,
g7_author_citation_with_shared_topic,Author citation with shared paper topic,Neo4j,1,319.000,,823447
g7_author_citation_with_shared_topic,Author citation with shared paper topic,PostgreSQL,2,572.200,103.964,
g7_author_citation_with_shared_topic,Author citation with shared paper topic,Neo4j,2,570.000,,823447
g7_author_citation_with_shared_topic,Author citation with shared paper topic,PostgreSQL,3,943.489,136.622,
g7_author_citation_with_shared_topic,Author citation with shared paper topic,Neo4j,3,273.000,,823447
g7_author_citation_with_shared_topic,Author citation with shared paper topic,PostgreSQL,4,436.926,84.383,
g7_author_citation_with_shared_topic,Author citation with shared paper topic,Neo4j,4,235.000,,823447
g7_author_citation_with_shared_topic,Author citation with shared paper topic,PostgreSQL,5,461.866,90.843,
g7_author_citation_with_shared_topic,Author citation with shared paper topic,Neo4j,5,293.000,,823447
